,x,y,z,CLUSTERS_DBSCAN_2d,CLUSTERS_DBSCAN_3d
0,183.217896,87.184867,33.978806,0,0
1,185.318705,84.291655,34.752898,0,-1
2,183.937586,85.290537,34.8804,0,-1
3,184.985221,87.444619,32.622806,0,0
4,180.274859,94.06671,31.006901,0,1
5,182.806496,92.431652,30.428931,0,1
6,182.081414,94.368632,29.664119,0,1
7,178.982897,97.722048,29.672001,1,2
8,178.133394,99.199189,29.50575,1,2
9,177.761926,101.4921,28.650875,1,2
10,179.86745,99.446261,28.186999,1,2
11,176.556853,105.347353,27.794862,0,7
12,175.146235,109.160652,27.529926,0,-1
13,175.417333,106.684984,28.1588,0,-1
14,177.292764,108.00982,26.266925,0,7
15,174.308158,114.597857,26.548599,0,1
16,173.306975,118.913691,26.457863,0,1
17,173.950547,117.111099,26.294062,0,1
18,175.439534,116.11665,25.291319,0,1
19,174.721985,121.561379,24.662899,2,1
20,175.004491,123.0536,24.232312,2,-1
21,176.86008,126.136472,22.324494,3,3
22,176.358612,124.729397,22.908275,2,3
23,173.613025,125.774107,24.951138,3,3
24,172.951687,124.331543,25.740999,2,3
25,173.914702,127.2724,24.425031,3,3
26,173.910817,127.266676,24.075812,3,3
27,172.427061,129.915649,25.24,-1,-1
28,174.465447,134.364098,22.739187,4,-1
29,174.694363,135.857849,22.324906,4,-1
30,173.226538,132.771833,23.93,4,-1
31,171.902828,134.703949,24.78055,-1,-1
32,171.043337,135.930239,25.256901,-1,-1
33,176.985802,136.507301,20.718199,4,4
34,176.140584,131.860478,21.8627,3,3
35,176.693451,133.296997,21.361675,4,4
36,178.178464,135.106598,20.241762,4,4
37,181.521057,135.773005,18.1556,4,4
38,183.211449,133.390503,17.900175,9,5
39,183.800265,134.909554,17.543263,-1,5
40,185.431753,136.844918,16.556299,5,5
41,186.432496,132.610112,16.358,9,9
42,186.548135,134.146188,16.386551,5,6
43,187.413551,135.8554,15.954912,5,6
44,188.47355,137.428612,15.3043,5,1
45,190.209503,137.850952,14.686462,6,1
46,190.357714,133.746849,14.954387,11,1
47,190.425705,135.286499,14.8185,6,1
48,193.801849,136.076202,13.450075,6,1
49,193.717049,134.545952,13.597338,6,1
50,191.833697,137.065678,14.0365,6,1
51,193.095754,133.002096,13.9196,6,1
52,196.310951,137.018852,12.403662,-1,1
53,197.631348,135.718552,12.087787,7,1
54,194.655753,137.788875,12.8801,6,1
55,195.918513,133.73698,12.78455,6,1
56,201.581703,138.796593,10.583888,7,1
57,200.293449,137.996803,10.972125,7,1
58,198.305185,138.738299,11.307,7,1
59,203.23555,139.328247,10.025812,7,1
60,203.942894,136.254601,10.0385,7,1
61,202.196191,136.757695,10.42,7,1
62,203.589149,137.791153,10.024587,7,1
63,200.41185,136.1521,11.072381,7,1
64,198.592008,131.507313,11.951587,12,1
65,198.683801,133.011285,11.813813,7,1
66,199.564171,134.762695,11.441756,7,1
67,205.896187,135.137893,9.5911,7,1
68,209.064743,133.33535,9.161213,0,1
69,208.077484,131.800778,9.47735,0,1
70,210.1707,135.1541,8.214,0,1
71,211.91413,134.321395,8.570788,0,1
72,212.914911,135.887401,8.308587,0,1
73,214.318898,136.49021,8.141725,0,1
74,214.872417,132.664023,8.3519,0,1
75,215.585586,134.425981,8.155813,0,1
76,214.349688,139.729884,7.9884,0,1
77,216.251781,139.454903,7.870975,0,1
78,217.325825,138.005309,7.828187,0,1
79,218.084275,139.825111,7.5876,0,1
80,219.390693,141.018114,7.517475,0,1
81,220.453201,138.713094,7.652725,0,1
82,221.317202,136.936827,7.1903,0,1
83,219.548398,137.000012,7.7439,0,1
84,222.318327,139.185924,7.581537,0,1
85,221.210674,140.5399,7.0689,0,1
86,224.096206,139.084492,7.558613,0,1
87,223.197376,137.370683,7.6448,0,1
88,226.283385,138.070399,7.595313,0,1
89,227.443713,136.718804,7.6717,0,1
90,225.555683,136.274103,7.5248,0,1
91,225.347838,140.999213,6.9232,0,1
92,227.169097,140.005008,7.4642,0,1
93,228.940873,139.955881,7.448275,0,1
94,228.070795,141.721048,6.88455,0,1
95,230.562231,141.975714,6.8211,0,1
96,230.821785,140.389793,7.395,0,1
97,230.573623,138.617393,7.544025,0,1
98,230.690198,135.631287,7.7542,0,1
99,229.220582,136.684891,7.677813,0,1
100,228.327096,134.995889,7.834375,0,1
101,227.625195,133.228021,7.9875,0,1
102,226.437781,134.544487,7.863687,0,1
103,229.800148,132.232597,8.209788,0,1
104,228.755348,130.337204,8.424163,-1,-1
105,228.225109,127.399987,8.832,-1,-1
106,227.874591,124.202123,9.503637,0,1
107,225.815722,123.420584,9.6572,0,1
108,226.3526,125.118726,9.31175,0,1
109,228.609001,122.277199,10.01955,0,1
110,226.553481,121.505671,10.206713,0,1
111,228.077207,120.611095,10.4231,0,1
112,227.198517,118.748007,11.0083,0,1
113,225.508986,119.20604,10.907238,0,1
114,223.995804,120.091289,10.68175,0,1
115,224.861397,121.970001,10.111487,0,1
116,226.258606,117.326599,11.5824,0,1
117,223.444595,117.417599,11.629475,-1,-1
118,225.737586,115.697526,12.0934,0,1
119,227.726852,114.83215,12.403725,0,1
120,224.879671,113.891068,12.8064,0,1
121,226.875219,112.998836,12.9968,0,1
122,223.200348,114.355106,12.72275,0,1
123,226.354851,111.392651,13.657625,0,1
124,227.097191,109.476289,14.1772,0,1
125,225.416599,109.966244,14.125837,0,1
126,224.531448,101.557549,17.107126,-1,-1
127,221.693202,100.640818,17.600625,-1,-1
128,222.551849,102.447601,16.975,-1,-1
129,223.681517,99.731862,17.736601,-1,-1
130,223.126722,97.100114,18.783225,-1,1
131,225.099078,96.168373,18.889799,-1,1
132,222.210251,95.718803,19.509275,0,1
133,224.616249,94.604748,19.633175,0,1
134,223.693503,93.214453,20.218901,0,1
135,221.697059,94.136607,20.116787,0,1
136,222.366695,82.538908,25.1502,0,1
137,222.870399,84.090199,24.450987,0,1
138,220.088455,84.310951,24.726,-1,-1
139,214.78875,93.309101,21.254074,0,1
140,214.277681,91.730723,21.9007,0,1
141,212.775749,92.602944,21.66725,0,1
142,217.204102,92.218601,21.515012,0,1
143,216.288291,90.802772,21.9471,0,1
144,209.6054,95.5298,20.674012,0,1
145,209.093699,93.950023,21.3167,0,1
146,207.594048,94.82391,21.089025,0,1
147,211.354897,105.16,16.664375,-1,-1
148,214.158104,105.030998,16.544938,0,1
149,213.642302,103.417117,17.0933,0,1
150,208.992348,107.299049,16.089576,0,1
151,208.475117,105.681667,16.629101,0,1
152,206.982357,106.588955,16.464863,0,1
153,217.934402,107.365002,15.471807,0,1
154,220.262109,104.177091,16.4049,0,1
155,217.080246,105.549956,16.141175,0,1
156,218.583114,104.658031,16.343912,0,1
157,185.195094,91.104342,29.783699,0,0
158,188.611309,90.783318,28.191356,0,1
159,187.048536,91.481989,28.553137,0,1
160,189.363128,92.261883,26.875698,0,1
161,182.309212,98.129108,27.1996,0,1
162,182.751842,99.543454,26.296949,0,1
163,184.143753,98.492199,26.013476,0,1
164,181.089394,101.907101,26.047576,0,7
165,180.219209,103.393051,26.054137,0,7
166,178.670586,104.206886,26.661301,0,7
167,192.807505,86.921656,28.717899,0,-1
168,190.852303,88.8839,28.324326,0,-1
169,186.389511,93.955615,27.2493,0,1
170,187.97155,93.27985,26.893613,0,1
171,187.202046,95.161372,26.210937,0,1
172,184.836296,96.483827,26.143681,0,1
173,183.017279,96.136992,27.980069,0,1
174,181.26586,95.851813,29.1856,0,1
175,185.711337,97.762534,25.484355,0,1
176,185.700002,97.749911,24.9689,0,1
177,181.930625,103.644007,24.5681,0,7
178,182.877241,105.035804,23.793101,0,7
179,183.545004,106.521962,22.876943,0,7
180,183.547093,106.524053,22.794937,0,7
181,182.363049,107.782561,23.074381,0,7
182,184.425844,102.422579,24.025225,0,1
183,183.535223,101.093771,24.9886,0,1
184,185.120247,100.371952,24.541912,0,1
185,186.967751,100.782594,23.483575,0,1
186,186.484111,99.306163,24.284201,0,1
187,191.983902,98.041437,22.679725,0,1
188,191.493856,96.551508,23.459,0,1
189,189.843849,101.025398,22.129438,0,1
190,191.254799,100.013802,22.041313,0,1
191,188.657949,103.741073,21.5374,0,1
192,187.851724,102.102772,22.401899,0,1
193,187.289749,104.80365,21.695513,0,1
194,211.289253,73.321054,33.175713,0,-1
195,209.33696,72.774712,34.140924,0,-1
196,207.712269,73.250017,33.9949,0,-1
197,209.247924,75.060377,32.368336,0,-1
198,203.033147,82.032598,28.7129,0,-1
199,201.02005,83.870901,28.0724,0,-1
200,203.879543,83.220069,27.775512,0,1
201,200.008509,88.625798,25.326949,0,1
202,198.056626,88.079976,26.074987,0,1
203,199.512316,87.172538,25.678299,0,1
204,213.32869,77.384991,29.348801,0,1
205,211.324097,79.213967,28.675925,0,-1
206,214.187932,78.601078,28.449474,0,1
207,206.858498,89.307184,23.80475,0,1
208,204.392115,88.136685,24.633462,0,1
209,206.040011,87.627831,24.643,0,1
210,205.36235,90.198898,23.520438,0,1
211,205.52134,90.263998,23.176187,0,1
212,205.481415,90.322548,23.156063,0,1
213,205.423675,90.355838,23.146963,0,1
214,205.429836,90.35435,23.146963,0,1
215,205.34805,90.367601,23.1488,0,1
216,205.263673,90.366921,23.086201,0,1
217,205.279237,90.346195,23.162801,0,1
218,205.226291,90.306876,23.185375,0,1
219,217.211072,84.834188,24.736,0,1
220,215.713196,85.709988,24.515763,0,1
221,217.719849,86.404598,24.076688,0,1
222,216.390953,83.125202,25.697331,0,1
223,211.846001,81.6163,26.980301,0,1
224,212.733444,82.931301,26.235938,0,1
225,214.730247,83.60635,25.647175,0,1
226,212.580311,89.62156,23.012412,-1,-1
227,209.770912,89.764824,23.1658,0,1
228,210.283707,91.341351,22.498787,0,1
229,215.465805,89.117352,23.070238,0,1
230,218.6287,87.764851,23.329937,0,1
231,214.954888,87.543556,23.7222,0,1
232,216.966347,88.248798,23.2903,0,1
233,195.116444,97.482499,21.8494,-1,-1
234,195.115683,97.477917,21.5132,-1,-1
235,197.320953,99.4827,20.552557,0,1
236,195.682899,100.059349,20.68165,0,1
237,202.194901,93.144417,22.552738,0,1
238,199.412498,93.37965,22.870275,-1,-1
239,201.688499,91.600519,23.2796,0,1
240,200.772686,97.606661,20.6222,0,1
241,197.360748,102.104797,19.49795,-1,-1
242,201.689255,98.972274,19.957325,0,1
243,199.331682,101.0911,19.181451,-1,-1
244,207.398804,91.853959,22.453313,0,1
245,205.1082,93.58075,21.965151,0,1
246,204.602986,92.020848,22.652201,0,1
247,205.926396,95.294834,20.9984,0,1
248,206.841652,96.675598,20.39745,0,1
249,208.184502,99.973611,18.941993,0,1
250,207.348549,98.249901,19.684588,0,1
251,204.430099,97.775349,20.169037,0,1
252,202.43329,97.091535,20.634712,0,1
253,203.9197,96.19748,20.813299,0,1
254,212.020653,94.445301,20.960499,0,1
255,211.10511,93.064723,21.5534,0,1
256,215.703247,94.6782,20.551869,0,1
257,214.034401,95.151199,20.485775,0,1
258,203.033401,102.31625,18.480688,0,1
259,205.344198,99.134487,19.409,0,1
260,202.189061,100.544808,19.232162,0,1
261,203.673193,99.635639,19.386775,0,1
262,206.185801,100.900919,18.619801,0,1
263,206.698349,102.501503,18.043437,0,1
264,204.694514,101.801211,18.4462,0,1
265,201.043896,103.235094,17.8134,0,1
266,201.548801,104.825015,17.49125,0,1
267,199.572642,104.170394,18.257251,0,1
268,203.952115,103.698998,17.7925,0,1
269,207.625351,103.8997,17.410737,0,1
270,205.9534,104.3964,17.386587,0,1
271,204.463905,105.307499,17.238625,0,1
272,216.534697,96.416733,19.667601,0,1
273,217.046852,98.007202,19.060963,0,1
274,215.03405,97.297863,19.452175,0,1
275,219.413117,95.882889,19.6299,-1,-1
276,220.258354,97.657249,18.939262,-1,-1
277,211.87365,100.248051,18.526487,0,1
278,209.855453,99.529059,18.903088,0,1
279,211.356601,98.650603,19.121401,0,1
280,214.280498,99.150398,18.7118,0,1
281,217.970047,99.394083,18.394262,0,1
282,216.296898,99.873398,18.337824,0,1
283,214.793098,100.752197,18.12695,0,1
284,212.795799,101.638598,17.875125,0,1
285,209.105092,101.394779,18.1826,0,1
286,209.617249,103.000298,17.613762,0,1
287,211.125,102.114353,17.814488,0,1
288,216.528404,102.9095,17.167363,-1,-1
289,219.331253,102.78035,17.051424,0,1
290,218.815899,101.167491,17.601799,0,1
291,215.088625,106.427497,15.8988,0,1
292,213.408983,106.908231,15.837375,0,1
293,211.908554,107.805565,15.64505,0,1
294,224.001106,105.4731,15.770487,-1,1
295,226.669853,105.195251,15.678962,0,1
296,226.314714,103.703688,15.953899,-1,1
297,221.637848,107.61795,15.2013,0,1
298,219.61497,106.885613,15.516475,0,1
299,221.119285,105.990574,15.7158,0,1
300,189.15123,105.271787,20.6565,0,1
301,190.073853,106.657101,19.946262,0,1
302,195.944004,105.707992,18.323601,0,1
303,197.920096,104.734714,18.255051,0,1
304,196.447588,107.298477,17.760537,0,1
305,199.628304,106.831367,17.318001,-1,-1
306,200.206451,109.52335,16.403655,0,1
307,201.863297,108.966248,16.321251,0,1
308,205.316597,107.101178,16.475413,0,1
309,202.474701,106.224534,17.083099,0,1
310,203.337349,108.028301,16.448988,0,1
311,206.245651,108.511749,15.926506,0,1
312,203.841996,109.624119,15.2244,0,1
313,204.775505,111.045002,15.24405,0,1
314,206.75605,110.1194,15.31195,0,1
315,198.232697,110.4846,16.471062,0,1
316,194.289783,110.309085,17.3855,0,1
317,197.375849,108.699093,17.177162,0,1
318,195.728151,109.297506,17.337375,0,1
319,198.736924,112.084017,15.8127,0,1
320,201.928146,111.645901,15.436275,-1,-1
321,199.6735,113.501598,15.283762,0,1
322,209.91912,108.695215,15.4407,0,1
323,208.243708,109.197961,15.414975,0,1
324,205.629588,112.839986,14.4742,0,1
325,206.144719,114.454276,13.6515,0,1
326,204.156922,113.781389,14.385738,0,1
327,208.496147,112.278673,14.39175,-1,-1
328,211.291748,112.125149,14.218325,0,1
329,210.776489,110.503406,14.7421,0,1
330,213.65625,109.981998,14.784312,-1,-1
331,216.461548,109.86235,14.679137,0,1
332,215.943782,108.238114,15.203,0,1
333,218.866374,108.76941,14.8633,0,1
334,222.574547,109.032659,14.625563,0,1
335,220.891548,109.510242,14.554163,0,1
336,219.38485,110.395351,14.34565,0,1
337,217.395021,111.268377,14.0548,0,1
338,215.712707,111.742954,13.9862,0,1
339,214.210503,112.638749,13.789675,0,1
340,212.221886,113.526306,13.5795,0,1
341,209.054244,114.948188,13.414475,0,1
342,207.076979,115.870196,13.2102,0,1
343,210.545416,114.026064,13.554213,0,1
344,209.916378,116.754716,12.7018,0,1
345,207.939681,117.683899,12.1421,0,1
346,208.457901,119.313351,12.158862,0,1
347,210.852303,118.183399,12.207425,0,1
348,218.248786,113.081261,13.3642,0,1
349,218.764847,114.700199,12.8308,8,8
350,219.698151,116.1096,12.265825,8,8
351,221.690552,115.232449,12.484543,0,1
352,215.956599,114.804572,12.8672,-1,-1
353,214.525848,118.368401,11.788231,0,1
354,212.85215,118.875103,11.772387,0,1
355,216.812149,116.622157,12.207763,-1,-1
356,213.596153,116.959801,12.355538,0,1
357,211.585735,116.246986,12.724263,0,1
358,213.078273,115.33553,12.8822,0,1
359,221.138,112.584301,13.478575,-1,-1
360,223.950302,112.481152,13.401225,0,1
361,223.430588,110.849097,13.9201,0,1
362,218.262047,119.645,11.065962,-1,-1
363,221.070801,119.5359,10.977763,0,1
364,220.54998,117.908823,11.4941,0,1
365,185.811401,111.105148,20.261646,0,1
366,182.036645,110.174494,22.3675,0,7
367,184.342896,109.289051,21.487001,0,1
368,186.570351,113.934402,19.16815,0,1
369,176.141372,117.567348,24.400349,0,1
370,175.004315,118.996769,24.926399,0,1
371,176.481345,119.102279,23.818912,0,1
372,179.443164,118.017414,21.9013,0,1
373,179.802399,119.513351,21.452862,0,1
374,186.570946,119.539799,17.903438,0,1
375,188.080399,115.8004,18.075087,0,1
376,185.24787,117.820612,18.768,0,1
377,186.852753,117.057301,18.278524,0,1
378,193.967599,122.927198,14.53315,0,1
379,195.297017,121.692914,14.336663,0,1
380,196.451797,123.950802,13.736238,0,1
381,194.775101,124.738899,14.1068,0,1
382,203.661394,130.056688,10.5342,0,1
383,204.998364,128.886311,10.57015,0,1
384,206.172501,131.196205,10.043225,0,1
385,204.420006,131.987549,10.327075,0,1
386,202.617851,134.290253,10.591613,0,1
387,202.554901,132.788704,10.740275,0,1
388,201.662498,131.018593,11.1384,0,1
389,179.857819,105.734165,25.2311,0,7
390,178.705688,109.6731,24.64085,0,7
391,180.807249,108.583103,23.704757,0,7
392,185.329392,104.204243,22.737763,0,1
393,186.254719,102.813266,22.833401,0,1
394,186.630859,106.920559,21.1231,0,1
395,187.130753,108.46505,20.49345,0,1
396,188.457279,107.346451,20.335337,0,1
397,177.235366,113.477303,24.587094,0,7
398,176.024384,111.91903,25.865,0,7
399,177.565697,111.016647,25.037749,0,7
400,180.927849,114.185749,21.972276,0,1
401,178.196942,116.398091,23.092963,0,1
402,179.730221,115.522449,22.383513,0,1
403,179.48566,112.443359,23.236401,0,1
404,184.283806,114.786747,19.986925,0,1
405,184.594452,112.347298,20.476062,0,1
406,183.001194,113.121544,20.993799,0,1
407,188.860403,111.556906,18.770599,0,1
408,189.371849,113.134903,18.224949,0,1
409,190.706245,112.019848,18.078037,0,1
410,183.195602,118.8634,19.673899,0,1
411,182.4518,117.283198,20.2899,0,1
412,183.444298,120.346451,19.262682,0,1
413,192.046349,105.605198,19.597475,0,1
414,194.185389,102.595239,19.9907,0,1
415,193.468796,104.590702,19.535175,0,1
416,195.107452,103.973499,19.344512,0,1
417,190.906853,108.36705,19.074349,0,1
418,189.5159,109.42205,19.213825,0,1
419,187.898203,110.111906,19.569599,0,1
420,191.410103,109.94595,18.39065,0,1
421,193.7976,108.725101,18.099688,0,1
422,194.511821,106.706017,18.497025,0,1
423,192.873519,107.327019,18.712799,0,1
424,193.185455,113.10215,16.937688,0,1
425,192.324294,111.338391,17.60015,0,1
426,191.78031,114.154468,17.067624,0,1
427,190.153282,114.836284,17.396537,0,1
428,202.499013,114.338073,14.46315,0,1
429,200.531017,115.298305,14.5188,0,1
430,203.437004,115.7677,13.96055,0,1
431,201.050056,116.93095,14.0386,0,1
432,196.074402,113.496201,16.075725,0,1
433,196.785168,111.474169,16.444801,0,1
434,195.14298,112.079606,16.633801,0,1
435,193.680685,114.701988,16.33435,0,1
436,191.469857,116.560084,16.534901,0,1
437,192.987846,116.79705,16.059775,0,1
438,194.624001,116.130047,15.778638,0,1
439,190.405151,120.634998,16.180263,-1,-1
440,190.626099,122.126648,15.916013,0,1
441,189.636282,118.966812,16.6847,-1,-1
442,196.571417,115.102402,15.4251,0,1
443,198.012185,114.089141,15.380738,0,1
444,199.092949,116.301102,14.646175,0,1
445,197.448051,116.917099,14.829925,0,1
446,195.445822,117.889319,15.044612,0,1
447,195.99575,119.556252,14.59635,0,1
448,193.273983,119.998675,15.2218,-1,-1
449,199.166599,119.026951,13.846112,-1,-1
450,197.746704,122.770603,13.497862,0,1
451,196.93758,121.008799,13.961,0,1
452,178.379156,122.173447,21.8345,0,1
453,177.646055,120.638352,22.587799,0,1
454,178.642944,123.670052,21.491207,0,1
455,177.195209,127.651848,21.864268,3,3
456,177.170574,127.647127,21.517763,3,3
457,177.888515,129.205902,21.204363,3,3
458,175.905985,130.3591,22.323455,3,3
459,175.15464,128.844596,23.066799,3,3
460,181.739799,122.7369,19.791801,0,1
461,181.94175,124.244701,19.512851,0,1
462,181.169081,121.275369,20.257999,0,1
463,185.561096,123.704151,17.77525,0,1
464,185.70565,125.2262,17.573999,0,1
465,184.739646,122.049722,18.2887,0,1
466,186.314716,123.678038,15.7207,0,1
467,180.711746,126.938,19.825925,0,1
468,180.883384,128.4646,19.579524,9,9
469,179.910133,125.335209,20.391701,0,1
470,184.101845,127.619102,18.026812,0,1
471,183.479263,126.103495,18.4098,0,1
472,184.21762,129.152153,17.831705,9,9
473,183.077301,131.852005,18.118237,9,9
474,182.230415,130.1898,18.6043,9,9
475,185.055496,130.837753,17.349362,9,9
476,180.650299,131.0364,19.369925,9,9
477,179.435129,132.40992,19.7852,4,4
478,180.218948,134.034096,19.262738,4,4
479,188.960907,124.455299,16.242801,-1,1
480,189.053154,125.98365,16.086,0,1
481,187.085354,126.986402,16.7104,0,1
482,192.853546,125.62685,14.66595,0,1
483,192.929749,127.146648,14.520437,0,1
484,191.97466,123.898296,15.0933,0,1
485,187.942032,128.687884,16.039801,0,1
486,188.034907,130.24061,16.094825,11,1
487,191.351494,129.495453,14.909925,10,1
488,191.409348,131.06295,14.790837,10,1
489,190.717623,127.945067,15.2174,0,1
490,189.461875,132.027501,15.3819,11,1
491,200.740997,123.314049,12.624525,0,1
492,201.417809,121.194355,12.866288,0,1
493,199.770784,121.828621,13.0797,0,1
494,197.640122,126.703917,12.93145,0,1
495,196.30892,127.965108,13.1789,12,1
496,198.833054,128.97245,12.364888,0,1
497,197.189301,129.7061,12.764762,12,1
498,195.23365,130.6717,13.3991,12,1
499,195.312103,132.199493,13.25525,13,1
500,193.538534,128.68932,14.0837,0,1
501,203.945492,117.381386,13.337125,0,1
502,202.858398,120.18045,12.856313,0,1
503,205.409225,116.413291,13.387,0,1
504,201.977022,118.344885,13.4122,0,1
505,204.812512,119.204513,12.6705,0,1
506,205.753899,120.64415,12.191787,0,1
507,206.471421,118.638216,12.57845,0,1
508,203.365995,121.813414,12.2805,0,1
509,201.289579,124.998628,12.13665,0,1
510,202.657665,123.891154,12.027975,0,1
511,204.314301,123.264851,11.82515,0,1
512,205.203049,125.111851,11.233675,0,1
513,203.77692,126.157625,11.337625,0,1
514,205.713699,126.7701,10.855238,0,1
515,202.125693,126.812809,11.5968,0,1
516,206.266087,122.275012,11.610837,0,1
517,209.387678,120.727694,11.541188,0,1
518,207.721007,121.285304,11.6209,0,1
519,211.376782,119.799157,11.5649,0,1
520,213.10777,121.960618,10.718175,-1,-1
521,210.258313,122.555899,10.8888,0,1
522,210.781403,124.200699,10.448675,0,1
523,213.988449,123.808197,10.176025,-1,-1
524,207.143282,124.123,11.0067,0,1
525,208.093399,125.584599,10.57165,0,1
526,208.800789,123.534591,10.876412,0,1
527,210.052698,126.22679,10.03535,0,1
528,211.722993,125.646847,9.923613,0,1
529,208.603085,127.246471,10.0756,0,1
530,212.6315,127.536652,9.465375,0,1
531,215.902596,121.803299,10.537362,0,1
532,215.384892,120.171582,11.0306,0,1
533,216.845894,123.235149,10.032256,0,1
534,218.819847,122.333401,10.159006,0,1
535,222.013598,120.949822,10.401,0,1
536,221.382851,123.73505,9.705375,0,1
537,220.321901,121.425737,10.319275,0,1
538,222.898796,122.834702,9.896387,0,1
539,217.732787,125.103016,9.4109,0,1
540,216.247522,126.049905,9.1502,0,1
541,214.568502,126.588915,9.348687,0,1
542,215.525497,128.078102,9.007525,0,1
543,219.690787,124.207898,9.5331,0,1
544,220.647751,125.692078,9.1964,0,1
545,222.689705,126.453701,9.032512,0,1
546,221.17675,127.387848,8.88385,0,1
547,218.265317,126.779076,9.0045,0,1
548,217.532393,128.794638,8.71225,0,1
549,216.043953,129.780501,8.666225,0,1
550,219.235659,128.271468,8.71855,0,1
551,223.427207,124.490919,9.3903,0,1
552,224.398003,125.97412,9.103387,0,1
553,225.31732,127.953199,8.6939,0,1
554,225.85582,129.673217,8.457475,0,1
555,225.425453,131.275703,8.258938,0,1
556,223.929922,128.85239,8.5504,0,1
557,200.357849,127.891998,11.996875,0,1
558,199.292601,125.992115,12.4965,0,1
559,207.56485,130.11515,9.856525,0,1
560,206.661928,128.236303,10.2816,0,1
561,210.3749,129.437594,9.376,-1,-1
562,212.420799,131.302803,8.869375,0,1
563,210.933052,132.386452,8.944275,0,1
564,213.150381,129.213729,9.0077,0,1
565,214.120371,130.714908,8.709063,0,1
566,220.189894,130.25631,8.35185,0,1
567,222.046202,129.431699,8.4362,0,1
568,223.074284,130.900106,8.254375,0,1
569,220.706415,131.993738,8.152087,0,1
570,220.706404,131.992495,7.882525,0,1
571,218.484412,131.391619,8.250275,0,1
572,216.966291,131.772597,8.2816,0,1
573,217.953601,133.303883,8.092425,0,1
574,219.822389,133.717192,7.9655,0,1
575,221.597696,133.669716,7.939775,0,1
576,223.770874,132.660508,8.0208,0,1
577,223.571303,135.162111,7.816225,0,1
578,216.490718,136.111405,7.9466,0,1
579,218.675316,135.084015,7.8969,0,1
580,189.710545,75.237847,39.608,14,-1
581,190.389753,76.560312,38.096657,14,-1
582,188.343553,77.670464,38.357937,14,-1
583,188.871696,79.858902,36.149874,15,-1
584,186.821115,80.958516,36.448599,0,-1
585,187.351375,83.160579,34.347601,0,-1
586,188.919701,82.498749,34.008364,0,-1
587,190.32695,81.546349,33.984388,0,-1
588,181.630087,89.680235,33.127901,-1,-1
589,180.985012,92.107712,31.919931,0,1
590,226.056013,107.24031,14.9859,0,1
591,224.556621,108.144371,14.808975,0,1
592,222.862209,91.467922,20.980325,0,1
593,224.266791,90.565299,21.102499,0,1
594,223.564499,91.016602,17.77005,0,-1
595,222.366249,89.9245,21.894338,0,1
596,223.108972,88.032801,22.514013,0,1
597,221.453084,88.558714,22.539299,0,1
598,222.116306,85.947563,23.6183,0,1
599,220.635582,86.847334,23.45765,0,1
600,221.555504,80.848251,26.139075,0,1
601,217.899918,80.669648,26.619801,0,1
602,219.900452,81.353001,26.124899,0,1
603,218.405403,82.226852,25.918663,0,1
604,220.654854,79.511054,26.9444,0,1
605,220.148213,77.977762,27.687799,0,1
606,218.662498,78.854714,27.479462,0,1
607,222.173652,77.02695,27.966862,0,1
608,221.384279,75.419473,28.8906,0,1
609,220.9076,73.964798,29.8591,0,1
610,220.051315,72.707267,30.9699,0,1
611,218.49115,75.096467,29.79015,0,1
612,219.348051,76.289023,28.879932,0,1
613,219.315901,71.171484,32.446206,0,1
614,218.815015,69.007863,34.321299,0,-1
615,214.397393,72.753734,32.69755,0,-1
616,217.248251,72.116735,32.332677,0,1
617,218.761218,66.335938,36.761926,-1,-1
618,216.864969,65.900471,37.83255,-1,-1
619,217.649617,64.224668,39.010801,-1,-1
620,215.558408,62.615093,41.31022,-1,-1
621,209.690261,63.525857,42.366499,-1,-1
622,210.393433,64.866913,40.891531,0,-1
623,213.251882,64.253598,40.540905,0,-1
624,214.851741,61.208637,42.922765,-1,-1
625,213.605082,58.845475,45.773401,-1,-1
626,211.308915,60.520499,44.939867,-1,-1
627,211.957953,61.761925,43.393649,-1,-1
628,208.244743,61.844594,44.656698,-1,-1
629,206.145248,62.798057,44.472425,0,-1
630,203.069732,64.111434,44.174651,0,-1
631,200.974821,65.078416,44.0091,0,-1
632,202.019295,64.576799,40.044751,0,10
633,201.990127,63.932577,40.044751,0,10
634,201.990127,63.932577,40.044751,0,10
635,201.990127,63.932577,40.044751,0,10
636,201.990127,63.932577,40.044751,0,10
637,201.990127,63.932577,40.044751,0,10
638,201.990127,63.932577,40.044751,0,10
639,201.990138,63.932577,40.044751,0,10
640,198.125166,65.714365,44.562601,-1,-1
641,195.840198,67.414639,43.901712,0,-1
642,196.330865,69.510461,41.49998,0,-1
643,194.253158,70.527156,41.5012,0,-1
644,194.944181,71.84774,39.986764,0,-1
645,197.020174,70.842002,39.998576,0,-1
646,192.684133,73.675738,39.340799,0,-1
647,193.383417,75.018046,37.862269,0,-1
648,193.875197,77.159801,35.791581,0,-1
649,191.840212,78.23666,35.886629,14,-1
650,200.287552,77.325036,33.138562,-1,-1
651,197.439986,77.957884,33.581999,0,11
652,197.433606,77.941382,33.23085,0,11
653,198.951281,79.714703,31.762031,0,-1
654,201.012778,78.755438,31.840407,0,-1
655,198.161565,75.608523,35.022301,0,11
656,199.768882,75.083001,34.612351,0,-1
657,196.698873,76.527716,35.0565,0,11
658,193.853731,82.215334,31.702287,0,-1
659,193.124527,80.780079,33.131498,0,-1
660,195.176505,79.752058,33.050313,0,-1
661,195.908249,81.192767,31.724969,0,-1
662,217.709549,93.778671,20.694,0,1
663,220.862678,92.390426,20.936899,0,1
664,219.202205,92.891707,20.919487,0,1
665,195.764247,92.347723,24.341776,0,1
666,197.780412,91.363259,24.326725,0,1
667,194.890099,91.090496,25.2166,0,1
668,197.298825,89.910424,25.170925,0,1
669,196.561414,93.987364,23.142799,0,1
670,197.060196,95.509613,22.389775,0,1
671,199.373689,68.112743,41.587692,0,-1
672,201.461025,67.141575,41.721102,0,-1
673,202.154066,68.479855,40.2316,0,-1
674,204.528969,65.804409,41.933656,0,-1
675,206.618975,64.849174,42.124998,0,-1
676,205.220178,67.124132,40.451657,0,-1
677,203.638976,70.238286,38.092186,0,-1
678,202.16795,71.055575,37.851156,0,12
679,200.569453,71.591828,37.926158,0,12
680,199.862688,70.218088,39.364,0,12
681,195.449895,74.013345,37.71045,0,-1
682,197.040378,73.446817,37.564238,0,-1
683,198.489313,72.583258,37.728998,0,12
684,208.090486,66.568689,39.954001,0,13
685,210.885828,67.026659,38.734314,0,13
686,208.803393,67.952802,38.536593,0,13
687,213.953945,65.660518,38.722099,0,-1
688,212.493373,66.527378,38.636508,0,-1
689,212.365575,68.741048,36.762913,0,-1
690,214.451377,67.806576,36.935318,0,-1
691,207.323408,68.793459,38.159861,0,13
692,205.715326,69.304922,38.191801,0,-1
693,207.214474,71.03586,36.30255,0,-1
694,209.295579,70.113931,36.488738,0,-1
695,202.063458,73.379205,35.803312,0,-1
696,204.127817,72.411089,35.411701,0,-1
697,204.183098,75.072285,33.766426,0,-1
698,202.572044,75.594845,33.812539,0,-1
699,205.650703,74.228805,33.991999,0,-1
700,206.958672,76.809575,31.549788,0,14
701,205.342806,77.329603,31.5917,0,14
702,206.230103,79.128629,30.056169,0,14
703,207.701851,78.289656,30.275826,0,14
704,188.811502,84.852849,32.2017,0,-1
705,186.592701,86.800652,32.043918,0,0
706,187.315927,88.204231,30.672544,0,0
707,185.923659,89.199461,30.772762,0,0
708,191.604806,84.073102,31.333201,0,-1
709,189.3535,87.126403,30.314982,0,0
710,190.927445,86.464489,30.004575,0,-1
711,194.378053,84.482305,29.792601,0,-1
712,195.978607,83.898509,29.618738,0,-1
713,197.421575,83.000825,29.731788,0,-1
714,195.901582,86.28062,27.39,0,1
715,197.945397,85.304798,27.907313,0,-1
716,196.443954,88.637028,26.301094,0,1
717,194.419601,89.642331,26.365874,0,1
718,203.870396,78.177743,31.349899,0,14
719,204.61055,79.674449,30.088869,0,14
720,206.170416,81.509648,28.367306,0,-1
721,208.218399,80.581211,28.498493,0,-1
722,199.471383,82.022485,29.7586,0,-1
723,201.08552,81.480423,29.677751,0,-1
724,191.383655,91.210407,26.4981,0,1
725,192.984218,90.590441,26.258787,0,1
726,192.21884,92.425922,25.486199,0,1
727,187.710899,96.651001,25.123326,0,1
728,189.837669,93.70462,25.6821,0,1
729,189.115501,95.634033,25.026374,0,1
730,190.686676,94.941404,24.691051,0,1
731,188.473285,98.202883,23.859475,0,1
732,190.078004,97.543911,23.549725,0,1
733,189.362999,99.522288,22.992351,0,1
734,192.707202,93.918448,24.385137,0,1
735,194.143507,92.962107,24.401501,0,1
736,195.115746,94.9305,23.154438,0,1
737,193.498199,95.53215,23.340532,0,1
738,190.645369,102.678316,21.067101,0,1
739,192.269419,102.040632,20.809062,0,1
740,191.552246,104.044151,20.352138,0,1
741,215.960356,69.629111,34.7596,0,-1
742,214.497101,70.475574,34.545139,0,-1
743,212.888178,70.999125,34.597724,0,-1
744,211.378746,76.826108,30.306162,0,1
745,209.759284,77.352417,30.351662,0,1
746,212.844355,75.968805,30.5124,0,1
747,214.908161,75.032115,30.677637,0,1
748,216.52935,74.508295,30.635288,0,1
749,217.995992,73.648897,30.8403,0,1
750,201.548049,86.236602,26.2899,0,1
751,202.421997,87.497926,25.397325,0,1
752,202.912201,89.003401,24.530775,0,1
753,203.709999,90.691371,23.532049,0,1
754,203.184989,85.713588,26.271787,0,1
755,204.657553,84.836852,26.459999,0,1
756,205.156845,86.303974,25.614137,0,1
757,199.242591,90.473973,23.8132,0,1
758,200.877858,89.904394,24.126401,0,1
759,206.691376,83.912625,26.602699,0,1
760,207.572655,85.197731,25.811001,0,1
761,208.067299,86.722097,24.931887,0,1
762,208.87365,88.43095,23.989223,0,1
763,208.334503,83.405469,26.617751,0,1
764,209.814476,82.531125,26.819,0,1
765,210.317802,84.025116,26.011288,0,1
766,213.491951,81.119719,27.018138,0,1
767,214.981013,80.249675,27.230499,0,1
768,215.487701,81.775565,26.472575,0,1
769,209.555215,85.852446,25.066199,0,1
770,209.555207,85.845587,24.7353,0,1
771,211.211371,85.353077,25.1012,0,1
772,212.035294,87.07611,24.311426,0,1
773,210.533997,87.949547,24.014262,0,1
774,217.010714,79.306664,27.555126,0,1
775,216.227354,77.711756,28.4933,0,1
776,213.228627,84.461136,25.3044,0,1
777,214.048203,86.189013,24.530463,0,1
778,217.956728,90.363028,22.204625,0,1
779,219.448412,89.473796,22.400801,0,1
780,219.95565,91.042198,21.738426,0,1
781,201.445883,94.98255,21.691338,0,1
782,203.094481,94.474498,21.692301,0,1
783,199.954424,95.888188,21.518299,0,1
784,197.954159,96.834263,21.476125,0,1
785,198.786346,98.543731,20.682237,0,1
786,208.851349,97.372135,19.882938,0,1
787,212.526899,96.006812,20.1527,0,1
788,210.522049,96.898236,19.948826,0,1
789,213.361794,97.775398,19.448063,0,1
790,192.86637,99.365568,21.6758,0,1
791,193.699951,101.048813,20.847876,0,1
